Year,popSizeP1,PiP1,FitnessP1,meanHetP1,BP1,FROHP1,avgvStrDelP1,avgStrDelP1,avgModDelP1,avgWkDelP1,avgNeutP1,popSizeP2,PiP2,FitnessP2,meanHetP2,BP2,FROHP2,avgvStrDelP2,avgStrDelP2,avgModDelP2,avgWkDelP2,avgNeutP2,popSizeP3,PiP3,FitnessP3,meanHetP3,BP3,FROHP3,avgvStrDelP3,avgStrDelP3,avgModDelP3,avgWkDelP3,avgNeutP3, KCrater,Seed
55604,1990,2.41074e-05,0.989781,2.70629e-05,0.158145,0.246761,0.2,4.7,9.1,66.7,220.4,49,2.06488e-05,0.98911,2.26171e-05,0.142959,0.417739,0.3,4.1,7.7,62.9,214.2,22,1.33272e-05,1.14089,1.54629e-05,0.159608,0.626063,0.8,5.5,11.8,65.0,221.5,100,896553124
55606,2000,2.4482e-05,0.990005,2.832e-05,0.187853,0.264208,0.3,5.6,9.8,68.3,223.7,54,2.01828e-05,0.987894,2.28343e-05,0.168432,0.401428,0.3,4.2,9.0,61.2,213.8,28,1.25711e-05,1.14273,1.45829e-05,0.131913,0.661295,0.7,5.6,11.8,65.4,220.8,100,896553124
55608,1983,2.40274e-05,0.989767,2.76914e-05,0.171343,0.269079,0.2,5.1,9.7,65.8,222.1,50,2.0763e-05,0.986641,2.19657e-05,0.153041,0.436827,0.4,3.7,9.5,62.6,215.5,27,1.33113e-05,1.15041,1.52571e-05,0.123132,0.664448,0.7,5.9,11.8,65.3,221.7,100,896553124
55610,1969,2.42125e-05,0.989661,2.77829e-05,0.177362,0.249944,0.5,5.4,10.9,63.4,222.1,51,1.88441e-05,0.982698,2.16457e-05,0.212401,0.432381,0.7,3.8,8.8,61.3,221.8,26,1.40057e-05,1.18511,1.46971e-05,0.137591,0.663533,0.5,4.9,11.0,64.3,223.2,100,896553124
